sample_id,policy,v,d,design_stratum,threshold_region,expected_action,observed_action,optimal_action,utility_regret,certificate_valid,probabilistic_certificate_valid
phase1-000-exact_boundary,cooperate,0.0,0.0,exact_boundary,boundary,COOPERATE,COOPERATE,1,0.0,True,
phase1-001-just_unsafe,cooperate,0.25,0.0,just_unsafe,unsafe,ATTACK,COOPERATE,0,0.25,False,
phase1-002-broad_grid,cooperate,1.0,0.0,broad_grid,unsafe,ATTACK,COOPERATE,0,1.0,False,
phase1-003-broad_grid,cooperate,1.0,2.0,broad_grid,safe,COOPERATE,COOPERATE,1,0.0,True,
phase1-004-broad_grid,cooperate,1.0,4.0,broad_grid,safe,COOPERATE,COOPERATE,1,0.0,True,
phase1-005-broad_grid,cooperate,1.0,6.0,broad_grid,safe,COOPERATE,COOPERATE,1,0.0,True,
phase1-006-broad_grid,cooperate,1.0,8.0,broad_grid,safe,COOPERATE,COOPERATE,1,0.0,True,
phase1-007-broad_grid,cooperate,2.0,0.0,broad_grid,unsafe,ATTACK,COOPERATE,0,2.0,False,
phase1-008-broad_grid,cooperate,2.0,2.0,broad_grid,safe,COOPERATE,COOPERATE,1,0.0,True,
phase1-009-broad_grid,cooperate,2.0,4.0,broad_grid,safe,COOPERATE,COOPERATE,1,0.0,True,
phase1-010-broad_grid,cooperate,2.0,6.0,broad_grid,safe,COOPERATE,COOPERATE,1,0.0,True,
phase1-011-broad_grid,cooperate,2.0,8.0,broad_grid,safe,COOPERATE,COOPERATE,1,0.0,True,
phase1-012-just_safe,cooperate,2.25,2.0,just_safe,safe,COOPERATE,COOPERATE,1,0.0,True,
phase1-013-exact_boundary,cooperate,2.5,2.0,exact_boundary,boundary,COOPERATE,COOPERATE,1,0.0,True,
phase1-014-just_unsafe,cooperate,2.75,2.0,just_unsafe,unsafe,ATTACK,COOPERATE,0,0.25,False,
phase1-015-broad_grid,cooperate,4.0,0.0,broad_grid,unsafe,ATTACK,COOPERATE,0,4.0,False,
phase1-016-broad_grid,cooperate,4.0,2.0,broad_grid,unsafe,ATTACK,COOPERATE,0,1.5,False,
phase1-017-broad_grid,cooperate,4.0,4.0,broad_grid,safe,COOPERATE,COOPERATE,1,0.0,True,
phase1-018-broad_grid,cooperate,4.0,6.0,broad_grid,safe,COOPERATE,COOPERATE,1,0.0,True,
phase1-019-broad_grid,cooperate,4.0,8.0,broad_grid,safe,COOPERATE,COOPERATE,1,0.0,True,
phase1-020-just_safe,cooperate,4.75,4.0,just_safe,safe,COOPERATE,COOPERATE,1,0.0,True,
phase1-021-exact_boundary,cooperate,5.0,4.0,exact_boundary,boundary,COOPERATE,COOPERATE,1,0.0,True,
phase1-022-just_unsafe,cooperate,5.25,4.0,just_unsafe,unsafe,ATTACK,COOPERATE,0,0.25,False,
phase1-023-broad_grid,cooperate,6.0,0.0,broad_grid,unsafe,ATTACK,COOPERATE,0,6.0,False,
phase1-024-broad_grid,cooperate,6.0,2.0,broad_grid,unsafe,ATTACK,COOPERATE,0,3.5,False,
phase1-025-broad_grid,cooperate,6.0,4.0,broad_grid,unsafe,ATTACK,COOPERATE,0,1.0,False,
phase1-026-broad_grid,cooperate,6.0,6.0,broad_grid,safe,COOPERATE,COOPERATE,1,0.0,True,
phase1-027-broad_grid,cooperate,6.0,8.0,broad_grid,safe,COOPERATE,COOPERATE,1,0.0,True,
phase1-028-just_safe,cooperate,7.25,6.0,just_safe,safe,COOPERATE,COOPERATE,1,0.0,True,
phase1-029-exact_boundary,cooperate,7.5,6.0,exact_boundary,boundary,COOPERATE,COOPERATE,1,0.0,True,
phase1-030-just_unsafe,cooperate,7.75,6.0,just_unsafe,unsafe,ATTACK,COOPERATE,0,0.25,False,
phase1-031-broad_grid,cooperate,8.0,0.0,broad_grid,unsafe,ATTACK,COOPERATE,0,8.0,False,
phase1-032-broad_grid,cooperate,8.0,2.0,broad_grid,unsafe,ATTACK,COOPERATE,0,5.5,False,
phase1-033-broad_grid,cooperate,8.0,4.0,broad_grid,unsafe,ATTACK,COOPERATE,0,3.0,False,
phase1-034-broad_grid,cooperate,8.0,6.0,broad_grid,unsafe,ATTACK,COOPERATE,0,0.5,False,
phase1-035-broad_grid,cooperate,8.0,8.0,broad_grid,safe,COOPERATE,COOPERATE,1,0.0,True,
phase1-036-just_safe,cooperate,8.75,8.0,just_safe,safe,COOPERATE,COOPERATE,1,0.0,True,
phase1-037-exact_boundary,cooperate,9.0,8.0,exact_boundary,boundary,COOPERATE,COOPERATE,1,0.0,True,
phase1-038-just_unsafe,cooperate,9.25,8.0,just_unsafe,unsafe,ATTACK,COOPERATE,0,0.25,False,
phase1-000-exact_boundary,defect,0.0,0.0,exact_boundary,boundary,COOPERATE,ATTACK,0,0.0,False,
phase1-001-just_unsafe,defect,0.25,0.0,just_unsafe,unsafe,ATTACK,ATTACK,1,0.0,True,
phase1-002-broad_grid,defect,1.0,0.0,broad_grid,unsafe,ATTACK,ATTACK,1,0.0,True,
phase1-003-broad_grid,defect,1.0,2.0,broad_grid,safe,COOPERATE,ATTACK,0,1.5,False,
phase1-004-broad_grid,defect,1.0,4.0,broad_grid,safe,COOPERATE,ATTACK,0,4.0,False,
phase1-005-broad_grid,defect,1.0,6.0,broad_grid,safe,COOPERATE,ATTACK,0,6.5,False,
phase1-006-broad_grid,defect,1.0,8.0,broad_grid,safe,COOPERATE,ATTACK,0,8.0,False,
phase1-007-broad_grid,defect,2.0,0.0,broad_grid,unsafe,ATTACK,ATTACK,1,0.0,True,
phase1-008-broad_grid,defect,2.0,2.0,broad_grid,safe,COOPERATE,ATTACK,0,0.5,False,
phase1-009-broad_grid,defect,2.0,4.0,broad_grid,safe,COOPERATE,ATTACK,0,3.0,False,
phase1-010-broad_grid,defect,2.0,6.0,broad_grid,safe,COOPERATE,ATTACK,0,5.5,False,
phase1-011-broad_grid,defect,2.0,8.0,broad_grid,safe,COOPERATE,ATTACK,0,7.0,False,
phase1-012-just_safe,defect,2.25,2.0,just_safe,safe,COOPERATE,ATTACK,0,0.25,False,
phase1-013-exact_boundary,defect,2.5,2.0,exact_boundary,boundary,COOPERATE,ATTACK,0,0.0,False,
phase1-014-just_unsafe,defect,2.75,2.0,just_unsafe,unsafe,ATTACK,ATTACK,1,0.0,True,
phase1-015-broad_grid,defect,4.0,0.0,broad_grid,unsafe,ATTACK,ATTACK,1,0.0,True,
phase1-016-broad_grid,defect,4.0,2.0,broad_grid,unsafe,ATTACK,ATTACK,1,0.0,True,
phase1-017-broad_grid,defect,4.0,4.0,broad_grid,safe,COOPERATE,ATTACK,0,1.0,False,
phase1-018-broad_grid,defect,4.0,6.0,broad_grid,safe,COOPERATE,ATTACK,0,3.5,False,
phase1-019-broad_grid,defect,4.0,8.0,broad_grid,safe,COOPERATE,ATTACK,0,5.0,False,
phase1-020-just_safe,defect,4.75,4.0,just_safe,safe,COOPERATE,ATTACK,0,0.25,False,
phase1-021-exact_boundary,defect,5.0,4.0,exact_boundary,boundary,COOPERATE,ATTACK,0,0.0,False,
phase1-022-just_unsafe,defect,5.25,4.0,just_unsafe,unsafe,ATTACK,ATTACK,1,0.0,True,
phase1-023-broad_grid,defect,6.0,0.0,broad_grid,unsafe,ATTACK,ATTACK,1,0.0,True,
phase1-024-broad_grid,defect,6.0,2.0,broad_grid,unsafe,ATTACK,ATTACK,1,0.0,True,
phase1-025-broad_grid,defect,6.0,4.0,broad_grid,unsafe,ATTACK,ATTACK,1,0.0,True,
phase1-026-broad_grid,defect,6.0,6.0,broad_grid,safe,COOPERATE,ATTACK,0,1.5,False,
phase1-027-broad_grid,defect,6.0,8.0,broad_grid,safe,COOPERATE,ATTACK,0,3.0,False,
phase1-028-just_safe,defect,7.25,6.0,just_safe,safe,COOPERATE,ATTACK,0,0.25,False,
phase1-029-exact_boundary,defect,7.5,6.0,exact_boundary,boundary,COOPERATE,ATTACK,0,0.0,False,
phase1-030-just_unsafe,defect,7.75,6.0,just_unsafe,unsafe,ATTACK,ATTACK,1,0.0,True,
phase1-031-broad_grid,defect,8.0,0.0,broad_grid,unsafe,ATTACK,ATTACK,1,0.0,True,
phase1-032-broad_grid,defect,8.0,2.0,broad_grid,unsafe,ATTACK,ATTACK,1,0.0,True,
phase1-033-broad_grid,defect,8.0,4.0,broad_grid,unsafe,ATTACK,ATTACK,1,0.0,True,
phase1-034-broad_grid,defect,8.0,6.0,broad_grid,unsafe,ATTACK,ATTACK,1,0.0,True,
phase1-035-broad_grid,defect,8.0,8.0,broad_grid,safe,COOPERATE,ATTACK,0,1.0,False,
phase1-036-just_safe,defect,8.75,8.0,just_safe,safe,COOPERATE,ATTACK,0,0.25,False,
phase1-037-exact_boundary,defect,9.0,8.0,exact_boundary,boundary,COOPERATE,ATTACK,0,0.0,False,
phase1-038-just_unsafe,defect,9.25,8.0,just_unsafe,unsafe,ATTACK,ATTACK,1,0.0,True,
phase1-000-exact_boundary,threshold,0.0,0.0,exact_boundary,boundary,COOPERATE,COOPERATE,1,0.0,True,
phase1-001-just_unsafe,threshold,0.25,0.0,just_unsafe,unsafe,ATTACK,ATTACK,1,0.0,True,
phase1-002-broad_grid,threshold,1.0,0.0,broad_grid,unsafe,ATTACK,ATTACK,1,0.0,True,
phase1-003-broad_grid,threshold,1.0,2.0,broad_grid,safe,COOPERATE,COOPERATE,1,0.0,True,
phase1-004-broad_grid,threshold,1.0,4.0,broad_grid,safe,COOPERATE,COOPERATE,1,0.0,True,
phase1-005-broad_grid,threshold,1.0,6.0,broad_grid,safe,COOPERATE,COOPERATE,1,0.0,True,
phase1-006-broad_grid,threshold,1.0,8.0,broad_grid,safe,COOPERATE,COOPERATE,1,0.0,True,
phase1-007-broad_grid,threshold,2.0,0.0,broad_grid,unsafe,ATTACK,ATTACK,1,0.0,True,
phase1-008-broad_grid,threshold,2.0,2.0,broad_grid,safe,COOPERATE,COOPERATE,1,0.0,True,
phase1-009-broad_grid,threshold,2.0,4.0,broad_grid,safe,COOPERATE,COOPERATE,1,0.0,True,
phase1-010-broad_grid,threshold,2.0,6.0,broad_grid,safe,COOPERATE,COOPERATE,1,0.0,True,
phase1-011-broad_grid,threshold,2.0,8.0,broad_grid,safe,COOPERATE,COOPERATE,1,0.0,True,
phase1-012-just_safe,threshold,2.25,2.0,just_safe,safe,COOPERATE,COOPERATE,1,0.0,True,
phase1-013-exact_boundary,threshold,2.5,2.0,exact_boundary,boundary,COOPERATE,COOPERATE,1,0.0,True,
phase1-014-just_unsafe,threshold,2.75,2.0,just_unsafe,unsafe,ATTACK,ATTACK,1,0.0,True,
phase1-015-broad_grid,threshold,4.0,0.0,broad_grid,unsafe,ATTACK,ATTACK,1,0.0,True,
phase1-016-broad_grid,threshold,4.0,2.0,broad_grid,unsafe,ATTACK,ATTACK,1,0.0,True,
phase1-017-broad_grid,threshold,4.0,4.0,broad_grid,safe,COOPERATE,COOPERATE,1,0.0,True,
phase1-018-broad_grid,threshold,4.0,6.0,broad_grid,safe,COOPERATE,COOPERATE,1,0.0,True,
phase1-019-broad_grid,threshold,4.0,8.0,broad_grid,safe,COOPERATE,COOPERATE,1,0.0,True,
phase1-020-just_safe,threshold,4.75,4.0,just_safe,safe,COOPERATE,COOPERATE,1,0.0,True,
phase1-021-exact_boundary,threshold,5.0,4.0,exact_boundary,boundary,COOPERATE,COOPERATE,1,0.0,True,
phase1-022-just_unsafe,threshold,5.25,4.0,just_unsafe,unsafe,ATTACK,ATTACK,1,0.0,True,
phase1-023-broad_grid,threshold,6.0,0.0,broad_grid,unsafe,ATTACK,ATTACK,1,0.0,True,
phase1-024-broad_grid,threshold,6.0,2.0,broad_grid,unsafe,ATTACK,ATTACK,1,0.0,True,
phase1-025-broad_grid,threshold,6.0,4.0,broad_grid,unsafe,ATTACK,ATTACK,1,0.0,True,
phase1-026-broad_grid,threshold,6.0,6.0,broad_grid,safe,COOPERATE,COOPERATE,1,0.0,True,
phase1-027-broad_grid,threshold,6.0,8.0,broad_grid,safe,COOPERATE,COOPERATE,1,0.0,True,
phase1-028-just_safe,threshold,7.25,6.0,just_safe,safe,COOPERATE,COOPERATE,1,0.0,True,
phase1-029-exact_boundary,threshold,7.5,6.0,exact_boundary,boundary,COOPERATE,COOPERATE,1,0.0,True,
phase1-030-just_unsafe,threshold,7.75,6.0,just_unsafe,unsafe,ATTACK,ATTACK,1,0.0,True,
phase1-031-broad_grid,threshold,8.0,0.0,broad_grid,unsafe,ATTACK,ATTACK,1,0.0,True,
phase1-032-broad_grid,threshold,8.0,2.0,broad_grid,unsafe,ATTACK,ATTACK,1,0.0,True,
phase1-033-broad_grid,threshold,8.0,4.0,broad_grid,unsafe,ATTACK,ATTACK,1,0.0,True,
phase1-034-broad_grid,threshold,8.0,6.0,broad_grid,unsafe,ATTACK,ATTACK,1,0.0,True,
phase1-035-broad_grid,threshold,8.0,8.0,broad_grid,safe,COOPERATE,COOPERATE,1,0.0,True,
phase1-036-just_safe,threshold,8.75,8.0,just_safe,safe,COOPERATE,COOPERATE,1,0.0,True,
phase1-037-exact_boundary,threshold,9.0,8.0,exact_boundary,boundary,COOPERATE,COOPERATE,1,0.0,True,
phase1-038-just_unsafe,threshold,9.25,8.0,just_unsafe,unsafe,ATTACK,ATTACK,1,0.0,True,
phase1-000-exact_boundary,probabilistic,0.0,0.0,exact_boundary,boundary,COOPERATE,ATTACK,0,0.0,False,True
phase1-001-just_unsafe,probabilistic,0.25,0.0,just_unsafe,unsafe,ATTACK,COOPERATE,0,0.25,False,True
phase1-002-broad_grid,probabilistic,1.0,0.0,broad_grid,unsafe,ATTACK,ATTACK,1,0.0,True,True
phase1-003-broad_grid,probabilistic,1.0,2.0,broad_grid,safe,COOPERATE,COOPERATE,1,0.0,True,True
phase1-004-broad_grid,probabilistic,1.0,4.0,broad_grid,safe,COOPERATE,COOPERATE,1,0.0,True,True
phase1-005-broad_grid,probabilistic,1.0,6.0,broad_grid,safe,COOPERATE,COOPERATE,1,0.0,True,True
phase1-006-broad_grid,probabilistic,1.0,8.0,broad_grid,safe,COOPERATE,COOPERATE,1,0.0,True,True
phase1-007-broad_grid,probabilistic,2.0,0.0,broad_grid,unsafe,ATTACK,ATTACK,1,0.0,True,True
phase1-008-broad_grid,probabilistic,2.0,2.0,broad_grid,safe,COOPERATE,COOPERATE,1,0.0,True,True
phase1-009-broad_grid,probabilistic,2.0,4.0,broad_grid,safe,COOPERATE,ATTACK,0,3.0,False,True
phase1-010-broad_grid,probabilistic,2.0,6.0,broad_grid,safe,COOPERATE,COOPERATE,1,0.0,True,True
phase1-011-broad_grid,probabilistic,2.0,8.0,broad_grid,safe,COOPERATE,COOPERATE,1,0.0,True,True
phase1-012-just_safe,probabilistic,2.25,2.0,just_safe,safe,COOPERATE,ATTACK,0,0.25,False,True
phase1-013-exact_boundary,probabilistic,2.5,2.0,exact_boundary,boundary,COOPERATE,ATTACK,0,0.0,False,True
phase1-014-just_unsafe,probabilistic,2.75,2.0,just_unsafe,unsafe,ATTACK,COOPERATE,0,0.25,False,True
phase1-015-broad_grid,probabilistic,4.0,0.0,broad_grid,unsafe,ATTACK,ATTACK,1,0.0,True,True
phase1-016-broad_grid,probabilistic,4.0,2.0,broad_grid,unsafe,ATTACK,ATTACK,1,0.0,True,True
phase1-017-broad_grid,probabilistic,4.0,4.0,broad_grid,safe,COOPERATE,COOPERATE,1,0.0,True,True
phase1-018-broad_grid,probabilistic,4.0,6.0,broad_grid,safe,COOPERATE,COOPERATE,1,0.0,True,True
phase1-019-broad_grid,probabilistic,4.0,8.0,broad_grid,safe,COOPERATE,ATTACK,0,5.0,False,True
phase1-020-just_safe,probabilistic,4.75,4.0,just_safe,safe,COOPERATE,COOPERATE,1,0.0,True,True
phase1-021-exact_boundary,probabilistic,5.0,4.0,exact_boundary,boundary,COOPERATE,ATTACK,0,0.0,False,True
phase1-022-just_unsafe,probabilistic,5.25,4.0,just_unsafe,unsafe,ATTACK,ATTACK,1,0.0,True,True
phase1-023-broad_grid,probabilistic,6.0,0.0,broad_grid,unsafe,ATTACK,ATTACK,1,0.0,True,True
phase1-024-broad_grid,probabilistic,6.0,2.0,broad_grid,unsafe,ATTACK,ATTACK,1,0.0,True,True
phase1-025-broad_grid,probabilistic,6.0,4.0,broad_grid,unsafe,ATTACK,ATTACK,1,0.0,True,True
phase1-026-broad_grid,probabilistic,6.0,6.0,broad_grid,safe,COOPERATE,COOPERATE,1,0.0,True,True
phase1-027-broad_grid,probabilistic,6.0,8.0,broad_grid,safe,COOPERATE,COOPERATE,1,0.0,True,True
phase1-028-just_safe,probabilistic,7.25,6.0,just_safe,safe,COOPERATE,COOPERATE,1,0.0,True,True
phase1-029-exact_boundary,probabilistic,7.5,6.0,exact_boundary,boundary,COOPERATE,ATTACK,0,0.0,False,True
phase1-030-just_unsafe,probabilistic,7.75,6.0,just_unsafe,unsafe,ATTACK,ATTACK,1,0.0,True,True
phase1-031-broad_grid,probabilistic,8.0,0.0,broad_grid,unsafe,ATTACK,ATTACK,1,0.0,True,True
phase1-032-broad_grid,probabilistic,8.0,2.0,broad_grid,unsafe,ATTACK,ATTACK,1,0.0,True,True
phase1-033-broad_grid,probabilistic,8.0,4.0,broad_grid,unsafe,ATTACK,ATTACK,1,0.0,True,True
phase1-034-broad_grid,probabilistic,8.0,6.0,broad_grid,unsafe,ATTACK,ATTACK,1,0.0,True,True
phase1-035-broad_grid,probabilistic,8.0,8.0,broad_grid,safe,COOPERATE,COOPERATE,1,0.0,True,True
phase1-036-just_safe,probabilistic,8.75,8.0,just_safe,safe,COOPERATE,COOPERATE,1,0.0,True,True
phase1-037-exact_boundary,probabilistic,9.0,8.0,exact_boundary,boundary,COOPERATE,COOPERATE,1,0.0,True,True
phase1-038-just_unsafe,probabilistic,9.25,8.0,just_unsafe,unsafe,ATTACK,ATTACK,1,0.0,True,True
phase1-000-exact_boundary,proof,0.0,0.0,exact_boundary,boundary,COOPERATE,COOPERATE,1,0.0,True,
phase1-001-just_unsafe,proof,0.25,0.0,just_unsafe,unsafe,ATTACK,ATTACK,1,0.0,True,
phase1-002-broad_grid,proof,1.0,0.0,broad_grid,unsafe,ATTACK,ATTACK,1,0.0,True,
phase1-003-broad_grid,proof,1.0,2.0,broad_grid,safe,COOPERATE,COOPERATE,1,0.0,True,
phase1-004-broad_grid,proof,1.0,4.0,broad_grid,safe,COOPERATE,COOPERATE,1,0.0,True,
phase1-005-broad_grid,proof,1.0,6.0,broad_grid,safe,COOPERATE,COOPERATE,1,0.0,True,
phase1-006-broad_grid,proof,1.0,8.0,broad_grid,safe,COOPERATE,COOPERATE,1,0.0,True,
phase1-007-broad_grid,proof,2.0,0.0,broad_grid,unsafe,ATTACK,ATTACK,1,0.0,True,
phase1-008-broad_grid,proof,2.0,2.0,broad_grid,safe,COOPERATE,COOPERATE,1,0.0,True,
phase1-009-broad_grid,proof,2.0,4.0,broad_grid,safe,COOPERATE,COOPERATE,1,0.0,True,
phase1-010-broad_grid,proof,2.0,6.0,broad_grid,safe,COOPERATE,COOPERATE,1,0.0,True,
phase1-011-broad_grid,proof,2.0,8.0,broad_grid,safe,COOPERATE,COOPERATE,1,0.0,True,
phase1-012-just_safe,proof,2.25,2.0,just_safe,safe,COOPERATE,COOPERATE,1,0.0,True,
phase1-013-exact_boundary,proof,2.5,2.0,exact_boundary,boundary,COOPERATE,COOPERATE,1,0.0,True,
phase1-014-just_unsafe,proof,2.75,2.0,just_unsafe,unsafe,ATTACK,ATTACK,1,0.0,True,
phase1-015-broad_grid,proof,4.0,0.0,broad_grid,unsafe,ATTACK,ATTACK,1,0.0,True,
phase1-016-broad_grid,proof,4.0,2.0,broad_grid,unsafe,ATTACK,ATTACK,1,0.0,True,
phase1-017-broad_grid,proof,4.0,4.0,broad_grid,safe,COOPERATE,COOPERATE,1,0.0,True,
phase1-018-broad_grid,proof,4.0,6.0,broad_grid,safe,COOPERATE,COOPERATE,1,0.0,True,
phase1-019-broad_grid,proof,4.0,8.0,broad_grid,safe,COOPERATE,COOPERATE,1,0.0,True,
phase1-020-just_safe,proof,4.75,4.0,just_safe,safe,COOPERATE,COOPERATE,1,0.0,True,
phase1-021-exact_boundary,proof,5.0,4.0,exact_boundary,boundary,COOPERATE,COOPERATE,1,0.0,True,
phase1-022-just_unsafe,proof,5.25,4.0,just_unsafe,unsafe,ATTACK,ATTACK,1,0.0,True,
phase1-023-broad_grid,proof,6.0,0.0,broad_grid,unsafe,ATTACK,ATTACK,1,0.0,True,
phase1-024-broad_grid,proof,6.0,2.0,broad_grid,unsafe,ATTACK,ATTACK,1,0.0,True,
phase1-025-broad_grid,proof,6.0,4.0,broad_grid,unsafe,ATTACK,ATTACK,1,0.0,True,
phase1-026-broad_grid,proof,6.0,6.0,broad_grid,safe,COOPERATE,COOPERATE,1,0.0,True,
phase1-027-broad_grid,proof,6.0,8.0,broad_grid,safe,COOPERATE,COOPERATE,1,0.0,True,
phase1-028-just_safe,proof,7.25,6.0,just_safe,safe,COOPERATE,COOPERATE,1,0.0,True,
phase1-029-exact_boundary,proof,7.5,6.0,exact_boundary,boundary,COOPERATE,COOPERATE,1,0.0,True,
phase1-030-just_unsafe,proof,7.75,6.0,just_unsafe,unsafe,ATTACK,ATTACK,1,0.0,True,
phase1-031-broad_grid,proof,8.0,0.0,broad_grid,unsafe,ATTACK,ATTACK,1,0.0,True,
phase1-032-broad_grid,proof,8.0,2.0,broad_grid,unsafe,ATTACK,ATTACK,1,0.0,True,
phase1-033-broad_grid,proof,8.0,4.0,broad_grid,unsafe,ATTACK,ATTACK,1,0.0,True,
phase1-034-broad_grid,proof,8.0,6.0,broad_grid,unsafe,ATTACK,ATTACK,1,0.0,True,
phase1-035-broad_grid,proof,8.0,8.0,broad_grid,safe,COOPERATE,COOPERATE,1,0.0,True,
phase1-036-just_safe,proof,8.75,8.0,just_safe,safe,COOPERATE,COOPERATE,1,0.0,True,
phase1-037-exact_boundary,proof,9.0,8.0,exact_boundary,boundary,COOPERATE,COOPERATE,1,0.0,True,
phase1-038-just_unsafe,proof,9.25,8.0,just_unsafe,unsafe,ATTACK,ATTACK,1,0.0,True,
phase1-000-exact_boundary,dupoc,0.0,0.0,exact_boundary,boundary,COOPERATE,COOPERATE,1,0.0,True,
phase1-001-just_unsafe,dupoc,0.25,0.0,just_unsafe,unsafe,ATTACK,ATTACK,1,0.0,True,
phase1-002-broad_grid,dupoc,1.0,0.0,broad_grid,unsafe,ATTACK,ATTACK,1,0.0,True,
phase1-003-broad_grid,dupoc,1.0,2.0,broad_grid,safe,COOPERATE,COOPERATE,1,0.0,True,
phase1-004-broad_grid,dupoc,1.0,4.0,broad_grid,safe,COOPERATE,COOPERATE,1,0.0,True,
phase1-005-broad_grid,dupoc,1.0,6.0,broad_grid,safe,COOPERATE,COOPERATE,1,0.0,True,
phase1-006-broad_grid,dupoc,1.0,8.0,broad_grid,safe,COOPERATE,COOPERATE,1,0.0,True,
phase1-007-broad_grid,dupoc,2.0,0.0,broad_grid,unsafe,ATTACK,ATTACK,1,0.0,True,
phase1-008-broad_grid,dupoc,2.0,2.0,broad_grid,safe,COOPERATE,COOPERATE,1,0.0,True,
phase1-009-broad_grid,dupoc,2.0,4.0,broad_grid,safe,COOPERATE,COOPERATE,1,0.0,True,
phase1-010-broad_grid,dupoc,2.0,6.0,broad_grid,safe,COOPERATE,COOPERATE,1,0.0,True,
phase1-011-broad_grid,dupoc,2.0,8.0,broad_grid,safe,COOPERATE,COOPERATE,1,0.0,True,
phase1-012-just_safe,dupoc,2.25,2.0,just_safe,safe,COOPERATE,COOPERATE,1,0.0,True,
phase1-013-exact_boundary,dupoc,2.5,2.0,exact_boundary,boundary,COOPERATE,COOPERATE,1,0.0,True,
phase1-014-just_unsafe,dupoc,2.75,2.0,just_unsafe,unsafe,ATTACK,ATTACK,1,0.0,True,
phase1-015-broad_grid,dupoc,4.0,0.0,broad_grid,unsafe,ATTACK,ATTACK,1,0.0,True,
phase1-016-broad_grid,dupoc,4.0,2.0,broad_grid,unsafe,ATTACK,ATTACK,1,0.0,True,
phase1-017-broad_grid,dupoc,4.0,4.0,broad_grid,safe,COOPERATE,COOPERATE,1,0.0,True,
phase1-018-broad_grid,dupoc,4.0,6.0,broad_grid,safe,COOPERATE,COOPERATE,1,0.0,True,
phase1-019-broad_grid,dupoc,4.0,8.0,broad_grid,safe,COOPERATE,COOPERATE,1,0.0,True,
phase1-020-just_safe,dupoc,4.75,4.0,just_safe,safe,COOPERATE,COOPERATE,1,0.0,True,
phase1-021-exact_boundary,dupoc,5.0,4.0,exact_boundary,boundary,COOPERATE,COOPERATE,1,0.0,True,
phase1-022-just_unsafe,dupoc,5.25,4.0,just_unsafe,unsafe,ATTACK,ATTACK,1,0.0,True,
phase1-023-broad_grid,dupoc,6.0,0.0,broad_grid,unsafe,ATTACK,ATTACK,1,0.0,True,
phase1-024-broad_grid,dupoc,6.0,2.0,broad_grid,unsafe,ATTACK,ATTACK,1,0.0,True,
phase1-025-broad_grid,dupoc,6.0,4.0,broad_grid,unsafe,ATTACK,ATTACK,1,0.0,True,
phase1-026-broad_grid,dupoc,6.0,6.0,broad_grid,safe,COOPERATE,COOPERATE,1,0.0,True,
phase1-027-broad_grid,dupoc,6.0,8.0,broad_grid,safe,COOPERATE,COOPERATE,1,0.0,True,
phase1-028-just_safe,dupoc,7.25,6.0,just_safe,safe,COOPERATE,COOPERATE,1,0.0,True,
phase1-029-exact_boundary,dupoc,7.5,6.0,exact_boundary,boundary,COOPERATE,COOPERATE,1,0.0,True,
phase1-030-just_unsafe,dupoc,7.75,6.0,just_unsafe,unsafe,ATTACK,ATTACK,1,0.0,True,
phase1-031-broad_grid,dupoc,8.0,0.0,broad_grid,unsafe,ATTACK,ATTACK,1,0.0,True,
phase1-032-broad_grid,dupoc,8.0,2.0,broad_grid,unsafe,ATTACK,ATTACK,1,0.0,True,
phase1-033-broad_grid,dupoc,8.0,4.0,broad_grid,unsafe,ATTACK,ATTACK,1,0.0,True,
phase1-034-broad_grid,dupoc,8.0,6.0,broad_grid,unsafe,ATTACK,ATTACK,1,0.0,True,
phase1-035-broad_grid,dupoc,8.0,8.0,broad_grid,safe,COOPERATE,COOPERATE,1,0.0,True,
phase1-036-just_safe,dupoc,8.75,8.0,just_safe,safe,COOPERATE,COOPERATE,1,0.0,True,
phase1-037-exact_boundary,dupoc,9.0,8.0,exact_boundary,boundary,COOPERATE,COOPERATE,1,0.0,True,
phase1-038-just_unsafe,dupoc,9.25,8.0,just_unsafe,unsafe,ATTACK,ATTACK,1,0.0,True,
phase1-000-exact_boundary,cupod,0.0,0.0,exact_boundary,boundary,COOPERATE,COOPERATE,1,0.0,True,
phase1-001-just_unsafe,cupod,0.25,0.0,just_unsafe,unsafe,ATTACK,ATTACK,1,0.0,True,
phase1-002-broad_grid,cupod,1.0,0.0,broad_grid,unsafe,ATTACK,ATTACK,1,0.0,True,
phase1-003-broad_grid,cupod,1.0,2.0,broad_grid,safe,COOPERATE,COOPERATE,1,0.0,True,
phase1-004-broad_grid,cupod,1.0,4.0,broad_grid,safe,COOPERATE,COOPERATE,1,0.0,True,
phase1-005-broad_grid,cupod,1.0,6.0,broad_grid,safe,COOPERATE,COOPERATE,1,0.0,True,
phase1-006-broad_grid,cupod,1.0,8.0,broad_grid,safe,COOPERATE,COOPERATE,1,0.0,True,
phase1-007-broad_grid,cupod,2.0,0.0,broad_grid,unsafe,ATTACK,ATTACK,1,0.0,True,
phase1-008-broad_grid,cupod,2.0,2.0,broad_grid,safe,COOPERATE,COOPERATE,1,0.0,True,
phase1-009-broad_grid,cupod,2.0,4.0,broad_grid,safe,COOPERATE,COOPERATE,1,0.0,True,
phase1-010-broad_grid,cupod,2.0,6.0,broad_grid,safe,COOPERATE,COOPERATE,1,0.0,True,
phase1-011-broad_grid,cupod,2.0,8.0,broad_grid,safe,COOPERATE,COOPERATE,1,0.0,True,
phase1-012-just_safe,cupod,2.25,2.0,just_safe,safe,COOPERATE,COOPERATE,1,0.0,True,
phase1-013-exact_boundary,cupod,2.5,2.0,exact_boundary,boundary,COOPERATE,COOPERATE,1,0.0,True,
phase1-014-just_unsafe,cupod,2.75,2.0,just_unsafe,unsafe,ATTACK,ATTACK,1,0.0,True,
phase1-015-broad_grid,cupod,4.0,0.0,broad_grid,unsafe,ATTACK,ATTACK,1,0.0,True,
phase1-016-broad_grid,cupod,4.0,2.0,broad_grid,unsafe,ATTACK,ATTACK,1,0.0,True,
phase1-017-broad_grid,cupod,4.0,4.0,broad_grid,safe,COOPERATE,COOPERATE,1,0.0,True,
phase1-018-broad_grid,cupod,4.0,6.0,broad_grid,safe,COOPERATE,COOPERATE,1,0.0,True,
phase1-019-broad_grid,cupod,4.0,8.0,broad_grid,safe,COOPERATE,COOPERATE,1,0.0,True,
phase1-020-just_safe,cupod,4.75,4.0,just_safe,safe,COOPERATE,COOPERATE,1,0.0,True,
phase1-021-exact_boundary,cupod,5.0,4.0,exact_boundary,boundary,COOPERATE,COOPERATE,1,0.0,True,
phase1-022-just_unsafe,cupod,5.25,4.0,just_unsafe,unsafe,ATTACK,ATTACK,1,0.0,True,
phase1-023-broad_grid,cupod,6.0,0.0,broad_grid,unsafe,ATTACK,ATTACK,1,0.0,True,
phase1-024-broad_grid,cupod,6.0,2.0,broad_grid,unsafe,ATTACK,ATTACK,1,0.0,True,
phase1-025-broad_grid,cupod,6.0,4.0,broad_grid,unsafe,ATTACK,ATTACK,1,0.0,True,
phase1-026-broad_grid,cupod,6.0,6.0,broad_grid,safe,COOPERATE,COOPERATE,1,0.0,True,
phase1-027-broad_grid,cupod,6.0,8.0,broad_grid,safe,COOPERATE,COOPERATE,1,0.0,True,
phase1-028-just_safe,cupod,7.25,6.0,just_safe,safe,COOPERATE,COOPERATE,1,0.0,True,
phase1-029-exact_boundary,cupod,7.5,6.0,exact_boundary,boundary,COOPERATE,COOPERATE,1,0.0,True,
phase1-030-just_unsafe,cupod,7.75,6.0,just_unsafe,unsafe,ATTACK,ATTACK,1,0.0,True,
phase1-031-broad_grid,cupod,8.0,0.0,broad_grid,unsafe,ATTACK,ATTACK,1,0.0,True,
phase1-032-broad_grid,cupod,8.0,2.0,broad_grid,unsafe,ATTACK,ATTACK,1,0.0,True,
phase1-033-broad_grid,cupod,8.0,4.0,broad_grid,unsafe,ATTACK,ATTACK,1,0.0,True,
phase1-034-broad_grid,cupod,8.0,6.0,broad_grid,unsafe,ATTACK,ATTACK,1,0.0,True,
phase1-035-broad_grid,cupod,8.0,8.0,broad_grid,safe,COOPERATE,COOPERATE,1,0.0,True,
phase1-036-just_safe,cupod,8.75,8.0,just_safe,safe,COOPERATE,COOPERATE,1,0.0,True,
phase1-037-exact_boundary,cupod,9.0,8.0,exact_boundary,boundary,COOPERATE,COOPERATE,1,0.0,True,
phase1-038-just_unsafe,cupod,9.25,8.0,just_unsafe,unsafe,ATTACK,ATTACK,1,0.0,True,
phase1-000-exact_boundary,pdupoc,0.0,0.0,exact_boundary,boundary,COOPERATE,ATTACK,0,0.0,False,True
phase1-001-just_unsafe,pdupoc,0.25,0.0,just_unsafe,unsafe,ATTACK,COOPERATE,0,0.25,False,True
phase1-002-broad_grid,pdupoc,1.0,0.0,broad_grid,unsafe,ATTACK,ATTACK,1,0.0,True,True
phase1-003-broad_grid,pdupoc,1.0,2.0,broad_grid,safe,COOPERATE,COOPERATE,1,0.0,True,True
phase1-004-broad_grid,pdupoc,1.0,4.0,broad_grid,safe,COOPERATE,COOPERATE,1,0.0,True,True
phase1-005-broad_grid,pdupoc,1.0,6.0,broad_grid,safe,COOPERATE,COOPERATE,1,0.0,True,True
phase1-006-broad_grid,pdupoc,1.0,8.0,broad_grid,safe,COOPERATE,COOPERATE,1,0.0,True,True
phase1-007-broad_grid,pdupoc,2.0,0.0,broad_grid,unsafe,ATTACK,ATTACK,1,0.0,True,True
phase1-008-broad_grid,pdupoc,2.0,2.0,broad_grid,safe,COOPERATE,COOPERATE,1,0.0,True,True
phase1-009-broad_grid,pdupoc,2.0,4.0,broad_grid,safe,COOPERATE,ATTACK,0,3.0,False,True
phase1-010-broad_grid,pdupoc,2.0,6.0,broad_grid,safe,COOPERATE,COOPERATE,1,0.0,True,True
phase1-011-broad_grid,pdupoc,2.0,8.0,broad_grid,safe,COOPERATE,COOPERATE,1,0.0,True,True
phase1-012-just_safe,pdupoc,2.25,2.0,just_safe,safe,COOPERATE,ATTACK,0,0.25,False,True
phase1-013-exact_boundary,pdupoc,2.5,2.0,exact_boundary,boundary,COOPERATE,ATTACK,0,0.0,False,True
phase1-014-just_unsafe,pdupoc,2.75,2.0,just_unsafe,unsafe,ATTACK,COOPERATE,0,0.25,False,True
phase1-015-broad_grid,pdupoc,4.0,0.0,broad_grid,unsafe,ATTACK,ATTACK,1,0.0,True,True
phase1-016-broad_grid,pdupoc,4.0,2.0,broad_grid,unsafe,ATTACK,ATTACK,1,0.0,True,True
phase1-017-broad_grid,pdupoc,4.0,4.0,broad_grid,safe,COOPERATE,COOPERATE,1,0.0,True,True
phase1-018-broad_grid,pdupoc,4.0,6.0,broad_grid,safe,COOPERATE,COOPERATE,1,0.0,True,True
phase1-019-broad_grid,pdupoc,4.0,8.0,broad_grid,safe,COOPERATE,ATTACK,0,5.0,False,True
phase1-020-just_safe,pdupoc,4.75,4.0,just_safe,safe,COOPERATE,COOPERATE,1,0.0,True,True
phase1-021-exact_boundary,pdupoc,5.0,4.0,exact_boundary,boundary,COOPERATE,ATTACK,0,0.0,False,True
phase1-022-just_unsafe,pdupoc,5.25,4.0,just_unsafe,unsafe,ATTACK,ATTACK,1,0.0,True,True
phase1-023-broad_grid,pdupoc,6.0,0.0,broad_grid,unsafe,ATTACK,ATTACK,1,0.0,True,True
phase1-024-broad_grid,pdupoc,6.0,2.0,broad_grid,unsafe,ATTACK,ATTACK,1,0.0,True,True
phase1-025-broad_grid,pdupoc,6.0,4.0,broad_grid,unsafe,ATTACK,ATTACK,1,0.0,True,True
phase1-026-broad_grid,pdupoc,6.0,6.0,broad_grid,safe,COOPERATE,COOPERATE,1,0.0,True,True
phase1-027-broad_grid,pdupoc,6.0,8.0,broad_grid,safe,COOPERATE,COOPERATE,1,0.0,True,True
phase1-028-just_safe,pdupoc,7.25,6.0,just_safe,safe,COOPERATE,COOPERATE,1,0.0,True,True
phase1-029-exact_boundary,pdupoc,7.5,6.0,exact_boundary,boundary,COOPERATE,ATTACK,0,0.0,False,True
phase1-030-just_unsafe,pdupoc,7.75,6.0,just_unsafe,unsafe,ATTACK,ATTACK,1,0.0,True,True
phase1-031-broad_grid,pdupoc,8.0,0.0,broad_grid,unsafe,ATTACK,ATTACK,1,0.0,True,True
phase1-032-broad_grid,pdupoc,8.0,2.0,broad_grid,unsafe,ATTACK,ATTACK,1,0.0,True,True
phase1-033-broad_grid,pdupoc,8.0,4.0,broad_grid,unsafe,ATTACK,ATTACK,1,0.0,True,True
phase1-034-broad_grid,pdupoc,8.0,6.0,broad_grid,unsafe,ATTACK,ATTACK,1,0.0,True,True
phase1-035-broad_grid,pdupoc,8.0,8.0,broad_grid,safe,COOPERATE,COOPERATE,1,0.0,True,True
phase1-036-just_safe,pdupoc,8.75,8.0,just_safe,safe,COOPERATE,COOPERATE,1,0.0,True,True
phase1-037-exact_boundary,pdupoc,9.0,8.0,exact_boundary,boundary,COOPERATE,COOPERATE,1,0.0,True,True
phase1-038-just_unsafe,pdupoc,9.25,8.0,just_unsafe,unsafe,ATTACK,ATTACK,1,0.0,True,True
